"Concept Set ID","Name","Concept ID","Concept Code","Concept Name","Concept Class ID","Domain","Vocabulary"
"0","Inpatient or inpatient ER visit","262","ERIP","Emergency Room and Inpatient Visit","Visit","Visit","Visit"
"0","Inpatient or inpatient ER visit","9201","IP","Inpatient Visit","Visit","Visit","Visit"
"3","Chronic lower respiratory disease","4052549","233628009","Acquired bronchiectasis","Disorder","Condition","SNOMED"
"3","Chronic lower respiratory disease","257581","281239006","Acute asthma","Disorder","Condition","SNOMED"
"3","Chronic lower respiratory disease","4148242","266403005","Acute chemical bronchitis","Disorder","Condition","SNOMED"
"3","Chronic lower respiratory disease","45769441","708093000","Acute exacerbation of allergic asthma","Disorder","Condition","SNOMED"
"3","Chronic lower respiratory disease","46273452","99031000119107","Acute exacerbation of asthma co-occurrent with allergic rhinitis","Disorder","Condition","SNOMED"
"3","Chronic lower respiratory disease","40483342","445378003","Acute exacerbation of bronchiectasis","Disorder","Condition","SNOMED"
"3","Chronic lower respiratory disease","40481763","442025000","Acute exacerbation of chronic asthmatic bronchitis","Disorder","Condition","SNOMED"
"3","Chronic lower respiratory disease","4137525","425748003","Acute exacerbation of chronic bronchitis","Disorder","Condition","SNOMED"
"3","Chronic lower respiratory disease","257004","195951007","Acute exacerbation of chronic obstructive airways disease","Disorder","Condition","SNOMED"
"3","Chronic lower respiratory disease","43530693","1751000119100","Acute exacerbation of chronic obstructive airways disease with asthma","Disorder","Condition","SNOMED"
"3","Chronic lower respiratory disease","46270376","293241000119100","Acute exacerbation of chronic obstructive bronchitis","Disorder","Condition","SNOMED"
"3","Chronic lower respiratory disease","37159957","10674791000119101","Acute exacerbation of intermittent allergic asthma","Disorder","Condition","SNOMED"
"3","Chronic lower respiratory disease","45773005","708094006","Acute exacerbation of intrinsic asthma","Disorder","Condition","SNOMED"
"3","Chronic lower respiratory disease","37159958","10676271000119104","Acute exacerbation of moderate persistent allergic asthma","Disorder","Condition","SNOMED"
"3","Chronic lower respiratory disease","4115044","285381006","Acute infective exacerbation of chronic obstructive airways disease","Disorder","Condition","SNOMED"
"3","Chronic lower respiratory disease","44807895","847091000000104","Acute non-infective exacerbation of chronic obstructive pulmonary disease","Disorder","Condition","SNOMED"
"3","Chronic lower respiratory disease","36684328","782513000","Acute severe exacerbation of allergic asthma","Disorder","Condition","SNOMED"
"3","Chronic lower respiratory disease","45769438","708090002","Acute severe exacerbation of asthma","Disorder","Condition","SNOMED"
"3","Chronic lower respiratory disease","46269767","10674711000119105","Acute severe exacerbation of asthma co-occurrent with allergic rhinitis","Disorder","Condition","SNOMED"
"3","Chronic lower respiratory disease","45769442","708095007","Acute severe exacerbation of immunoglobin E-mediated allergic asthma","Disorder","Condition","SNOMED"
"3","Chronic lower respiratory disease","45769443","708096008","Acute severe exacerbation of intrinsic asthma","Disorder","Condition","SNOMED"
"3","Chronic lower respiratory disease","46274124","10675911000119109","Acute severe exacerbation of mild persistent allergic asthma","Disorder","Condition","SNOMED"
"3","Chronic lower respiratory disease","46269777","10675991000119100","Acute severe exacerbation of mild persistent allergic asthma co-occurrent with allergic rhinitis","Disorder","Condition","SNOMED"
"3","Chronic lower respiratory disease","45769352","707981009","Acute severe exacerbation of mild persistent asthma","Disorder","Condition","SNOMED"
"3","Chronic lower respiratory disease","46273462","10676431000119103","Acute severe exacerbation of moderate persistent allergic asthma","Disorder","Condition","SNOMED"
"3","Chronic lower respiratory disease","45769351","707980005","Acute severe exacerbation of moderate persistent asthma","Disorder","Condition","SNOMED"
"3","Chronic lower respiratory disease","46269785","10676511000119109","Acute severe exacerbation of moderate persistent asthma co-occurrent with allergic rhinitis","Disorder","Condition","SNOMED"
"3","Chronic lower respiratory disease","46274059","10675471000119109","Acute severe exacerbation of severe persistent allergic asthma","Disorder","Condition","SNOMED"
"3","Chronic lower respiratory disease","45769350","707979007","Acute severe exacerbation of severe persistent asthma","Disorder","Condition","SNOMED"
"3","Chronic lower respiratory disease","46269771","10675551000119104","Acute severe exacerbation of severe persistent asthma co-occurrent with allergic rhinitis","Disorder","Condition","SNOMED"
"3","Chronic lower respiratory disease","37116845","733858005","Acute severe refractory exacerbation of asthma","Disorder","Condition","SNOMED"
"3","Chronic lower respiratory disease","4008725","111849006","Adenoviral bronchitis","Disorder","Condition","SNOMED"
"3","Chronic lower respiratory disease","4322815","71255007","Adenoviral laryngotracheobronchitis","Disorder","Condition","SNOMED"
"3","Chronic lower respiratory disease","4199450","51068008","Adult bronchiectasis","Disorder","Condition","SNOMED"
"3","Chronic lower respiratory disease","4191479","389145006","Allergic asthma","Disorder","Condition","SNOMED"
"3","Chronic lower respiratory disease","45766728","703954005","Allergic asthma due to Dermatophagoides farinae","Disorder","Condition","SNOMED"
"3","Chronic lower respiratory disease","45766727","703953004","Allergic asthma due to Dermatophagoides pteronyssinus","Disorder","Condition","SNOMED"
"3","Chronic lower respiratory disease","4271333","63088003","Allergic asthma without status asthmaticus","Disorder","Condition","SNOMED"
"3","Chronic lower respiratory disease","4233477","405720007","Allergic bronchitis","Disorder","Condition","SNOMED"
"3","Chronic lower respiratory disease","40482019","445058002","Aspergillus bronchitis","Disorder","Condition","SNOMED"
"3","Chronic lower respiratory disease","46269801","10692681000119108","Aspirin exacerbated respiratory disease","Disorder","Condition","SNOMED"
"3","Chronic lower respiratory disease","4250128","407674008","Aspirin-induced asthma","Disorder","Condition","SNOMED"
"3","Chronic lower respiratory disease","317009","195967001","Asthma","Disorder","Condition","SNOMED"
"3","Chronic lower respiratory disease","4211530","56968009","Asthma caused by wood dust","Disorder","Condition","SNOMED"
"3","Chronic lower respiratory disease","46274062","10692761000119107","Asthma-chronic obstructive pulmonary disease overlap syndrome","Disorder","Condition","SNOMED"
"3","Chronic lower respiratory disease","45772073","10742121000119104","Asthma in mother complicating childbirth","Disorder","Condition","SNOMED"
"3","Chronic lower respiratory disease","42535716","72301000119103","Asthma in pregnancy","Disorder","Condition","SNOMED"
"3","Chronic lower respiratory disease","4233784","405944004","Asthmatic bronchitis","Disorder","Condition","SNOMED"
"3","Chronic lower respiratory disease","252942","233691007","Asthmatic pulmonary eosinophilia","Disorder","Condition","SNOMED"
"3","Chronic lower respiratory disease","43530745","401000119107","Asthma with irreversible airway obstruction","Disorder","Condition","SNOMED"
"3","Chronic lower respiratory disease","4206340","55570000","Asthma without status asthmaticus","Disorder","Condition","SNOMED"
"3","Chronic lower respiratory disease","4148124","266356006","Atrophic (senile) emphysema","Disorder","Condition","SNOMED"
"3","Chronic lower respiratory disease","4143474","34015007","Bakers' asthma","Disorder","Condition","SNOMED"
"3","Chronic lower respiratory disease","4075237","225057002","Brittle asthma","Disorder","Condition","SNOMED"
"3","Chronic lower respiratory disease","4321845","70756004","Bronchial atresia with segmental pulmonary emphysema","Disorder","Condition","SNOMED"
"3","Chronic lower respiratory disease","256449","12295008","Bronchiectasis","Disorder","Condition","SNOMED"
"3","Chronic lower respiratory disease","4052553","233632003","Bronchiectasis due to toxic aspiration","Disorder","Condition","SNOMED"
"3","Chronic lower respiratory disease","4050877","233633008","Bronchiectasis due to toxic inhalation","Disorder","Condition","SNOMED"
"3","Chronic lower respiratory disease","42538810","762618008","Bronchiolitis obliterans syndrome due to and after lung transplantation","Disorder","Condition","SNOMED"
"3","Chronic lower respiratory disease","37161191","1177120001","Bronchiolitis obliterans syndrome due to and following allogeneic stem cell transplant","Disorder","Condition","SNOMED"
"3","Chronic lower respiratory disease","256451","32398004","Bronchitis","Disorder","Condition","SNOMED"
"3","Chronic lower respiratory disease","3655116","846638002","Bronchitis caused by chemical fumes","Disorder","Condition","SNOMED"
"3","Chronic lower respiratory disease","756031","OMOP4873909","Bronchitis caused by COVID-19","Disorder","Condition","OMOP Extension"
"3","Chronic lower respiratory disease","3655117","846639005","Bronchitis caused by vapors","Disorder","Condition","SNOMED"
"3","Chronic lower respiratory disease","37206138","785744001","Bronchitis co-occurrent with acute wheeze","Disorder","Condition","SNOMED"
"3","Chronic lower respiratory disease","37206131","785737005","Bronchitis co-occurrent with chronic wheeze","Disorder","Condition","SNOMED"
"3","Chronic lower respiratory disease","37203939","785728005","Bronchitis co-occurrent with wheeze","Disorder","Condition","SNOMED"
"3","Chronic lower respiratory disease","46273460","10625791000119101","Bronchitis due to chemical","Disorder","Condition","SNOMED"
"3","Chronic lower respiratory disease","4145496","266355005","Bullous emphysema with collapse","Disorder","Condition","SNOMED"
"3","Chronic lower respiratory disease","4232302","89549007","Catarrhal bronchitis","Disorder","Condition","SNOMED"
"3","Chronic lower respiratory disease","4286497","68328006","Centriacinar emphysema","Disorder","Condition","SNOMED"
"3","Chronic lower respiratory disease","4225553","404806001","Cheese-makers' asthma","Disorder","Condition","SNOMED"
"3","Chronic lower respiratory disease","4245676","92807009","Chemical-induced asthma","Disorder","Condition","SNOMED"
"3","Chronic lower respiratory disease","4051466","233678006","Childhood asthma","Disorder","Condition","SNOMED"
"3","Chronic lower respiratory disease","4049259","12310001","Childhood bronchiectasis","Disorder","Condition","SNOMED"
"3","Chronic lower respiratory disease","4230358","89099002","Chronic allergic bronchitis","Disorder","Condition","SNOMED"
"3","Chronic lower respiratory disease","256448","195949008","Chronic asthmatic bronchitis","Disorder","Condition","SNOMED"
"3","Chronic lower respiratory disease","44810117","866881000000101","Chronic asthma with fixed airflow obstruction","Disorder","Condition","SNOMED"
"3","Chronic lower respiratory disease","255841","63480004","Chronic bronchitis","Disorder","Condition","SNOMED"
"3","Chronic lower respiratory disease","37206130","785736001","Chronic bronchitis co-occurrent with wheeze","Disorder","Condition","SNOMED"
"3","Chronic lower respiratory disease","4110048","195957006","Chronic bullous emphysema","Disorder","Condition","SNOMED"
"3","Chronic lower respiratory disease","4112836","196026004","Chronic emphysema due to chemical fumes","Disorder","Condition","SNOMED"
"3","Chronic lower respiratory disease","3654571","836477007","Chronic emphysema due to vapor","Disorder","Condition","SNOMED"
"3","Chronic lower respiratory disease","4166517","47938003","Chronic obliterative bronchiolitis","Disorder","Condition","SNOMED"
"3","Chronic lower respiratory disease","3654836","840350008","Chronic obliterative bronchiolitis due to chemical fumes","Disorder","Condition","SNOMED"
"3","Chronic lower respiratory disease","3654837","840351007","Chronic obliterative bronchiolitis due to vapor","Disorder","Condition","SNOMED"
"3","Chronic lower respiratory disease","46269802","10692721000119102","Chronic obstructive asthma co-occurrent with acute exacerbation of asthma","Disorder","Condition","SNOMED"
"3","Chronic lower respiratory disease","255573","13645005","Chronic obstructive lung disease","Disorder","Condition","SNOMED"
"3","Chronic lower respiratory disease","4110056","196001008","Chronic obstructive pulmonary disease with acute lower respiratory infection","Disorder","Condition","SNOMED"
"3","Chronic lower respiratory disease","3655115","846637007","Chronic pulmonary fibrosis caused by chemical vapors","Disorder","Condition","SNOMED"
"3","Chronic lower respiratory disease","3655113","846635004","Chronic respiratory condition caused by vapors","Disorder","Condition","SNOMED"
"3","Chronic lower respiratory disease","37116690","733497009","Chronic suppuration of bronchus","Disorder","Condition","SNOMED"
"3","Chronic lower respiratory disease","4200851","52571006","Chronic tracheobronchitis","Disorder","Condition","SNOMED"
"3","Chronic lower respiratory disease","4119300","233687002","Colophony asthma","Disorder","Condition","SNOMED"
"3","Chronic lower respiratory disease","4166508","47895001","Congenital emphysema","Disorder","Condition","SNOMED"
"3","Chronic lower respiratory disease","4281815","66987001","Congenital lobar emphysema","Disorder","Condition","SNOMED"
"3","Chronic lower respiratory disease","313236","409663006","Cough variant asthma","Disorder","Condition","SNOMED"
"3","Chronic lower respiratory disease","4306635","83457000","Cylindrical bronchiectasis","Disorder","Condition","SNOMED"
"3","Chronic lower respiratory disease","4217558","41553006","Detergent asthma","Disorder","Condition","SNOMED"
"3","Chronic lower respiratory disease","4244339","93432008","Drug-induced asthma","Disorder","Observation","SNOMED"
"3","Chronic lower respiratory disease","605066","1010333003","Emphysema of left lung","Disorder","Condition","SNOMED"
"3","Chronic lower respiratory disease","605067","1010334009","Emphysema of right lung","Disorder","Condition","SNOMED"
"3","Chronic lower respiratory disease","259043","57686001","Emphysematous bleb of lung","Disorder","Condition","SNOMED"
"3","Chronic lower respiratory disease","258780","185086009","Emphysematous bronchitis","Disorder","Condition","SNOMED"
"3","Chronic lower respiratory disease","4046986","135836000","End stage chronic obstructive airways disease","Disorder","Condition","SNOMED"
"3","Chronic lower respiratory disease","765431","451981000124108","Eosinophilic bronchitis","Disorder","Condition","SNOMED"
"3","Chronic lower respiratory disease","42538744","762521001","Exacerbation of allergic asthma","Disorder","Condition","SNOMED"
"3","Chronic lower respiratory disease","36684335","782520007","Exacerbation of allergic asthma due to infection","Disorder","Condition","SNOMED"
"3","Chronic lower respiratory disease","1340255","OMOP5165910","Exacerbation of asthma","Disorder","Condition","OMOP Extension"
"3","Chronic lower respiratory disease","618954","879963005","Exacerbation of bronchiectasis caused by infection","Disorder","Condition","SNOMED"
"3","Chronic lower respiratory disease","4138760","425969006","Exacerbation of intermittent asthma","Disorder","Condition","SNOMED"
"3","Chronic lower respiratory disease","45768911","707445000","Exacerbation of mild persistent asthma","Disorder","Condition","SNOMED"
"3","Chronic lower respiratory disease","45772937","707446004","Exacerbation of moderate persistent asthma","Disorder","Condition","SNOMED"
"3","Chronic lower respiratory disease","45768912","707447008","Exacerbation of severe persistent asthma","Disorder","Condition","SNOMED"
"3","Chronic lower respiratory disease","443801","31387002","Exercise-induced asthma","Disorder","Condition","SNOMED"
"3","Chronic lower respiratory disease","45768908","707440005","Exercise induced bronchospasm","Disorder","Condition","SNOMED"
"3","Chronic lower respiratory disease","4309350","84409004","Fetid chronic bronchitis","Disorder","Condition","SNOMED"
"3","Chronic lower respiratory disease","4027836","13217005","Fusiform bronchiectasis","Disorder","Condition","SNOMED"
"3","Chronic lower respiratory disease","4050961","16003001","Giant bullous emphysema","Disorder","Condition","SNOMED"
"3","Chronic lower respiratory disease","4249017","73414003","Haemophilus influenzae laryngotracheobronchitis","Disorder","Condition","SNOMED"
"3","Chronic lower respiratory disease","4123253","233683003","Hay fever with asthma","Disorder","Condition","SNOMED"
"3","Chronic lower respiratory disease","4246105","60805002","Hemolytic anemia with emphysema AND cutis laxa","Disorder","Condition","SNOMED"
"3","Chronic lower respiratory disease","37169809","1163489008","Human metapneumovirus bronchitis","Disorder","Condition","SNOMED"
"3","Chronic lower respiratory disease","4052550","233629001","Idiopathic bronchiectasis","Disorder","Condition","SNOMED"
"3","Chronic lower respiratory disease","312950","424643009","IgE-mediated allergic asthma","Disorder","Condition","SNOMED"
"3","Chronic lower respiratory disease","42889535","10070295","Infective exacerbation of bronchiectasis","PT","Condition","MedDRA"
"3","Chronic lower respiratory disease","605195","1010619008","Inflammatory tracheobronchial papilloma","Disorder","Condition","SNOMED"
"3","Chronic lower respiratory disease","761844","16055311000119107","Inhaled steroid-dependent asthma","Disorder","Condition","SNOMED"
"3","Chronic lower respiratory disease","37310241","10674991000119104","Intermittent allergic asthma","Disorder","Condition","SNOMED"
"3","Chronic lower respiratory disease","4141978","427603009","Intermittent asthma","Disorder","Condition","SNOMED"
"3","Chronic lower respiratory disease","46270030","125021000119107","Intermittent asthma co-occurrent with allergic rhinitis","Disorder","Condition","SNOMED"
"3","Chronic lower respiratory disease","46270322","1741000119102","Intermittent asthma uncontrolled","Disorder","Condition","SNOMED"
"3","Chronic lower respiratory disease","4145497","266361008","Intrinsic asthma","Disorder","Condition","SNOMED"
"3","Chronic lower respiratory disease","252658","12428000","Intrinsic asthma without status asthmaticus","Disorder","Condition","SNOMED"
"3","Chronic lower respiratory disease","4225554","404808000","Isocyanate induced asthma","Disorder","Condition","SNOMED"
"3","Chronic lower respiratory disease","4173466","42402006","Kartagener syndrome","Disorder","Condition","SNOMED"
"3","Chronic lower respiratory disease","4312602","85915003","Laryngotracheobronchitis","Disorder","Condition","SNOMED"
"3","Chronic lower respiratory disease","4119298","233679003","Late onset asthma","Disorder","Condition","SNOMED"
"3","Chronic lower respiratory disease","35609846","1086701000000102","Life threatening acute exacerbation of allergic asthma","Disorder","Condition","SNOMED"
"3","Chronic lower respiratory disease","42536207","734904007","Life threatening acute exacerbation of asthma","Disorder","Condition","SNOMED"
"3","Chronic lower respiratory disease","35609847","1086711000000100","Life threatening acute exacerbation of intrinsic asthma","Disorder","Condition","SNOMED"
"3","Chronic lower respiratory disease","4057952","19849005","Meat-wrappers' asthma","Disorder","Condition","SNOMED"
"3","Chronic lower respiratory disease","4155468","370218001","Mild asthma","Disorder","Condition","SNOMED"
"3","Chronic lower respiratory disease","4196712","313296004","Mild chronic obstructive pulmonary disease","Disorder","Condition","SNOMED"
"3","Chronic lower respiratory disease","4146581","427679007","Mild intermittent asthma","Disorder","Condition","SNOMED"
"3","Chronic lower respiratory disease","46269776","10675871000119106","Mild persistent allergic asthma","Disorder","Condition","SNOMED"
"3","Chronic lower respiratory disease","4143828","426979002","Mild persistent asthma","Disorder","Condition","SNOMED"
"3","Chronic lower respiratory disease","46270029","125011000119100","Mild persistent asthma co-occurrent with allergic rhinitis","Disorder","Condition","SNOMED"
"3","Chronic lower respiratory disease","4022592","11641008","Millers' asthma","Disorder","Condition","SNOMED"
"3","Chronic lower respiratory disease","4110051","195977004","Mixed asthma","Disorder","Condition","SNOMED"
"3","Chronic lower respiratory disease","4112826","195953005","Mixed simple and mucopurulent chronic bronchitis","Disorder","Condition","SNOMED"
"3","Chronic lower respiratory disease","42536208","734905008","Moderate acute exacerbation of asthma","Disorder","Condition","SNOMED"
"3","Chronic lower respiratory disease","4155469","370219009","Moderate asthma","Disorder","Condition","SNOMED"
"3","Chronic lower respiratory disease","4193588","313297008","Moderate chronic obstructive pulmonary disease","Disorder","Condition","SNOMED"
"3","Chronic lower respiratory disease","46269784","10676391000119108","Moderate persistent allergic asthma","Disorder","Condition","SNOMED"
"3","Chronic lower respiratory disease","4142738","427295004","Moderate persistent asthma","Disorder","Condition","SNOMED"
"3","Chronic lower respiratory disease","46273454","125001000119103","Moderate persistent asthma co-occurrent with allergic rhinitis","Disorder","Condition","SNOMED"
"3","Chronic lower respiratory disease","257905","74417001","Mucopurulent chronic bronchitis","Disorder","Condition","SNOMED"
"3","Chronic lower respiratory disease","4320830","95886009","Mycoplasmal tracheobronchitis","Disorder","Condition","SNOMED"
"3","Chronic lower respiratory disease","37206717","786836003","Near fatal asthma","Disorder","Condition","SNOMED"
"3","Chronic lower respiratory disease","4309833","423889005","Non-IgE mediated allergic asthma","Disorder","Condition","SNOMED"
"3","Chronic lower respiratory disease","4050876","233630006","Obstructive bronchiectasis","Disorder","Condition","SNOMED"
"3","Chronic lower respiratory disease","4056405","16846004","Obstructive emphysema","Disorder","Condition","SNOMED"
"3","Chronic lower respiratory disease","4155470","370220003","Occasional asthma","Disorder","Condition","SNOMED"
"3","Chronic lower respiratory disease","4212099","57607007","Occupational asthma","Disorder","Condition","SNOMED"
"3","Chronic lower respiratory disease","4172303","49691004","Occupational bronchitis","Disorder","Condition","SNOMED"
"3","Chronic lower respiratory disease","37109103","16584951000119101","Oral steroid-dependent asthma","Disorder","Condition","SNOMED"
"3","Chronic lower respiratory disease","4177944","4981000","Panacinar emphysema","Disorder","Condition","SNOMED"
"3","Chronic lower respiratory disease","4099911","27475006","Parainfluenza virus bronchitis","Disorder","Condition","SNOMED"
"3","Chronic lower respiratory disease","4146838","35377009","Parainfluenza virus laryngotracheobronchitis","Disorder","Condition","SNOMED"
"3","Chronic lower respiratory disease","4136683","31898008","Paraseptal emphysema","Disorder","Condition","SNOMED"
"3","Chronic lower respiratory disease","764677","5281000124103","Persistent asthma","Disorder","Condition","SNOMED"
"3","Chronic lower respiratory disease","764949","901000119100","Persistent asthma, well controlled","Disorder","Condition","SNOMED"
"3","Chronic lower respiratory disease","4204998","53926002","Plastic bronchitis","Disorder","Condition","SNOMED"
"3","Chronic lower respiratory disease","3655816","870276004","Plastic bronchitis after cardiac procedure","Disorder","Condition","SNOMED"
"3","Chronic lower respiratory disease","4232595","404804003","Platinum asthma","Disorder","Condition","SNOMED"
"3","Chronic lower respiratory disease","4233924","40600002","Pneumococcal bronchitis","Disorder","Condition","SNOMED"
"3","Chronic lower respiratory disease","4112671","195985008","Post-infective bronchiectasis","Disorder","Condition","SNOMED"
"3","Chronic lower respiratory disease","4050878","233634002","Post-lung transplantation bronchiectasis","Disorder","Condition","SNOMED"
"3","Chronic lower respiratory disease","37017003","713175006","Postoperative bronchitis","Disorder","Condition","SNOMED"
"3","Chronic lower respiratory disease","4080516","18041002","Printers' asthma","Disorder","Condition","SNOMED"
"3","Chronic lower respiratory disease","42536541","735465007","Protracted bronchitis caused by bacterium","Disorder","Condition","SNOMED"
"3","Chronic lower respiratory disease","261325","87433001","Pulmonary emphysema","Disorder","Condition","SNOMED"
"3","Chronic lower respiratory disease","45769389","708030004","Pulmonary emphysema co-occurrent with fibrosis of lung","Disorder","Condition","SNOMED"
"3","Chronic lower respiratory disease","4050732","233674008","Pulmonary emphysema in alpha-1 PI deficiency","Disorder","Condition","SNOMED"
"3","Chronic lower respiratory disease","4105601","29591002","Purulent bronchitis","Disorder","Condition","SNOMED"
"3","Chronic lower respiratory disease","4049242","232430006","Recurrent allergic croup","Disorder","Condition","SNOMED"
"3","Chronic lower respiratory disease","4110637","195984007","Recurrent bronchiectasis","Disorder","Condition","SNOMED"
"3","Chronic lower respiratory disease","46270340","22951000119104","Recurrent croup","Disorder","Condition","SNOMED"
"3","Chronic lower respiratory disease","4195736","79479005","Respiratory syncytial virus bronchitis","Disorder","Condition","SNOMED"
"3","Chronic lower respiratory disease","4218289","72204002","Respiratory syncytial virus laryngotracheobronchitis","Disorder","Condition","SNOMED"
"3","Chronic lower respiratory disease","4315386","86680006","Ruptured emphysematous bleb of lung","Disorder","Condition","SNOMED"
"3","Chronic lower respiratory disease","4203619","52500008","Saccular bronchiectasis","Disorder","Condition","SNOMED"
"3","Chronic lower respiratory disease","4050734","233677001","Scar emphysema","Disorder","Condition","SNOMED"
"3","Chronic lower respiratory disease","40483397","445427006","Seasonal asthma","Disorder","Condition","SNOMED"
"3","Chronic lower respiratory disease","4110635","195958001","Segmental bullous emphysema","Disorder","Condition","SNOMED"
"3","Chronic lower respiratory disease","4279922","65878001","Septic bronchitis","Disorder","Condition","SNOMED"
"3","Chronic lower respiratory disease","4152913","370221004","Severe asthma","Disorder","Condition","SNOMED"
"3","Chronic lower respiratory disease","37208352","1103911000000103","Severe asthma with fungal sensitisation","Disorder","Condition","SNOMED"
"3","Chronic lower respiratory disease","4209097","313299006","Severe chronic obstructive pulmonary disease","Disorder","Condition","SNOMED"
"3","Chronic lower respiratory disease","37108580","10675391000119101","Severe controlled persistent asthma","Disorder","Condition","SNOMED"
"3","Chronic lower respiratory disease","46269770","10675431000119106","Severe persistent allergic asthma","Disorder","Condition","SNOMED"
"3","Chronic lower respiratory disease","4145356","426656000","Severe persistent asthma","Disorder","Condition","SNOMED"
"3","Chronic lower respiratory disease","46270028","124991000119109","Severe persistent asthma co-occurrent with allergic rhinitis","Disorder","Condition","SNOMED"
"3","Chronic lower respiratory disease","37108581","10675751000119107","Severe uncontrolled persistent asthma","Disorder","Condition","SNOMED"
"3","Chronic lower respiratory disease","261889","61937009","Simple chronic bronchitis","Disorder","Condition","SNOMED"
"3","Chronic lower respiratory disease","46273635","2360001000004109","Steroid dependent asthma","Disorder","Condition","SNOMED"
"3","Chronic lower respiratory disease","4270139","36426008","Subacute bronchitis","Disorder","Condition","SNOMED"
"3","Chronic lower respiratory disease","4120261","233688007","Sulfite-induced asthma","Disorder","Condition","SNOMED"
"3","Chronic lower respiratory disease","4301938","418395004","Tea-makers' asthma","Disorder","Condition","SNOMED"
"3","Chronic lower respiratory disease","3661412","829976001","Thunderstorm asthma","Disorder","Condition","SNOMED"
"3","Chronic lower respiratory disease","4050733","233675009","Toxic emphysema","Disorder","Condition","SNOMED"
"3","Chronic lower respiratory disease","4052552","233631005","Toxin-induced bronchiectasis","Disorder","Condition","SNOMED"
"3","Chronic lower respiratory disease","4028970","13617004","Tracheobronchitis","Disorder","Condition","SNOMED"
"3","Chronic lower respiratory disease","45768962","707509000","Tracheobronchitis due to Aspergillus","Disorder","Condition","SNOMED"
"3","Chronic lower respiratory disease","4078695","19325002","Traction bronchiectasis","Disorder","Condition","SNOMED"
"3","Chronic lower respiratory disease","42539549","735588005","Uncomplicated allergic asthma","Disorder","Condition","SNOMED"
"3","Chronic lower respiratory disease","45768910","707444001","Uncomplicated asthma","Disorder","Condition","SNOMED"
"3","Chronic lower respiratory disease","45768963","707511009","Uncomplicated mild persistent asthma","Disorder","Condition","SNOMED"
"3","Chronic lower respiratory disease","45768964","707512002","Uncomplicated moderate persistent asthma","Disorder","Condition","SNOMED"
"3","Chronic lower respiratory disease","42536649","735589002","Uncomplicated non-allergic asthma","Disorder","Condition","SNOMED"
"3","Chronic lower respiratory disease","45768965","707513007","Uncomplicated severe persistent asthma","Disorder","Condition","SNOMED"
"3","Chronic lower respiratory disease","4163244","45145000","Unilateral emphysema","Context-dependent","Observation","SNOMED"
"3","Chronic lower respiratory disease","4083395","23958009","Vanishing lung","Disorder","Condition","SNOMED"
"3","Chronic lower respiratory disease","44791725","293991000000106","Very severe chronic obstructive pulmonary disease","Disorder","Condition","SNOMED"
"3","Chronic lower respiratory disease","4058712","16146001","Viral bronchitis","Disorder","Condition","SNOMED"
"3","Chronic lower respiratory disease","4245292","59786004","Weavers' cough","Disorder","Condition","SNOMED"
"3","Chronic lower respiratory disease","4112828","195959009","Zonal bullous emphysema","Disorder","Condition","SNOMED"
"4","Respiratory disease","4025165","196112005","Abscess of lung with pneumonia","Disorder","Condition","SNOMED"
"4","Respiratory disease","4267135","61884008","Achromobacter pneumonia","Disorder","Condition","SNOMED"
"4","Respiratory disease","4112822","195908008","Actinomycotic pneumonia","Disorder","Condition","SNOMED"
"4","Respiratory disease","46270510","35031000119100","Acute aspiration pneumonia","Disorder","Condition","SNOMED"
"4","Respiratory disease","4048517","123587001","Acute bronchopneumonia","Disorder","Condition","SNOMED"
"4","Respiratory disease","605225","1010650005","Acute endogenous lipoid pneumonia","Disorder","Condition","SNOMED"
"4","Respiratory disease","45768997","707552000","Acute exogenous lipoid pneumonia","Disorder","Condition","SNOMED"
"4","Respiratory disease","46273719","709110009","Acute hypercapnic respiratory failure","Disorder","Condition","SNOMED"
"4","Respiratory disease","46269690","101301000119106","Acute hypercapnic respiratory failure due to obstructive sleep apnea","Disorder","Condition","SNOMED"
"4","Respiratory disease","42539533","735386008","Acute hypoxemic and hypercapnic respiratory failure","Disorder","Condition","SNOMED"
"4","Respiratory disease","46271075","709111008","Acute hypoxemic respiratory failure","Disorder","Condition","SNOMED"
"4","Respiratory disease","3655976","870590002","Acute hypoxemic respiratory failure due to COVID-19","Disorder","Condition","SNOMED"
"4","Respiratory disease","36716978","7361000175106","Acute on chronic hypercapnic respiratory failure","Disorder","Condition","SNOMED"
"4","Respiratory disease","35615340","20091000175107","Acute on chronic hypoxemic and hypercapnic respiratory failure","Disorder","Condition","SNOMED"
"4","Respiratory disease","37016114","10672271000119100","Acute on chronic hypoxemic respiratory failure","Disorder","Condition","SNOMED"
"4","Respiratory disease","312940","67905004","Acute-on-chronic respiratory failure","Disorder","Condition","SNOMED"
"4","Respiratory disease","765888","10762071000119109","Acute-on-chronic respiratory failure following trauma","Disorder","Condition","SNOMED"
"4","Respiratory disease","4082065","240741002","Acute pulmonary African histoplasmosis","Disorder","Condition","SNOMED"
"4","Respiratory disease","319049","65710008","Acute respiratory failure","Disorder","Condition","SNOMED"
"4","Respiratory disease","4266019","397767007","Acute respiratory failure requiring reintubation","Disorder","Condition","SNOMED"
"4","Respiratory disease","4240452","58890000","Adenoviral bronchopneumonia","Disorder","Condition","SNOMED"
"4","Respiratory disease","254677","41207000","Adenoviral pneumonia","Disorder","Condition","SNOMED"
"4","Respiratory disease","252548","195902009","Anthrax pneumonia","Disorder","Condition","SNOMED"
"4","Respiratory disease","4309106","422588002","Aspiration pneumonia","Disorder","Condition","SNOMED"
"4","Respiratory disease","4248154","72854003","Aspiration pneumonia due to near drowning","Disorder","Condition","SNOMED"
"4","Respiratory disease","4327820","75426006","Aspiration pneumonia due to regurgitated food","Disorder","Condition","SNOMED"
"4","Respiratory disease","257315","53084003","Bacterial pneumonia","Disorder","Condition","SNOMED"
"4","Respiratory disease","37019058","713544008","Bacterial pneumonia co-occurrent with human immunodeficiency virus infection","Disorder","Condition","SNOMED"
"4","Respiratory disease","4223032","420544002","Bacterial pneumonia with AIDS (acquired immunodeficiency syndrome)","Disorder","Condition","SNOMED"
"4","Respiratory disease","4116487","300999006","Basal pneumonia","Disorder","Condition","SNOMED"
"4","Respiratory disease","4138769","425996009","Bilateral basal pneumonia","Disorder","Condition","SNOMED"
"4","Respiratory disease","4245006","396286008","Bilateral bronchopneumonia","Disorder","Condition","SNOMED"
"4","Respiratory disease","4236311","407671000","Bilateral pneumonia","Disorder","Condition","SNOMED"
"4","Respiratory disease","46269741","10629191000119100","Bronchiolitis caused by influenza virus","Disorder","Condition","SNOMED"
"4","Respiratory disease","256722","396285007","Bronchopneumonia","Disorder","Condition","SNOMED"
"4","Respiratory disease","46269707","10624991000119103","Bronchopneumonia due to Achromobacter","Disorder","Condition","SNOMED"
"4","Respiratory disease","46269708","10625031000119102","Bronchopneumonia due to anaerobic bacteria","Disorder","Condition","SNOMED"
"4","Respiratory disease","46269709","10625071000119104","Bronchopneumonia due to bacteria","Disorder","Condition","SNOMED"
"4","Respiratory disease","46269710","10625111000119106","Bronchopneumonia due to Escherichia coli","Disorder","Condition","SNOMED"
"4","Respiratory disease","46269711","10625151000119107","Bronchopneumonia due to Group A Streptococcus","Disorder","Condition","SNOMED"
"4","Respiratory disease","46269712","10625191000119102","Bronchopneumonia due to Group B Streptococcus","Disorder","Condition","SNOMED"
"4","Respiratory disease","46269713","10625231000119106","Bronchopneumonia due to Haemophilus influenzae","Disorder","Condition","SNOMED"
"4","Respiratory disease","46269714","10625271000119109","Bronchopneumonia due to Human metapneumovirus","Disorder","Condition","SNOMED"
"4","Respiratory disease","46269715","10625311000119109","Bronchopneumonia due to Klebsiella pneumoniae","Disorder","Condition","SNOMED"
"4","Respiratory disease","46269716","10625351000119105","Bronchopneumonia due to methicillin resistant Staphylococcus aureus","Disorder","Condition","SNOMED"
"4","Respiratory disease","46269717","10625391000119100","Bronchopneumonia due to methicillin susceptible Staphylococcus aureus","Disorder","Condition","SNOMED"
"4","Respiratory disease","46269718","10625431000119105","Bronchopneumonia due to Mycoplasma pneumoniae","Disorder","Condition","SNOMED"
"4","Respiratory disease","46269719","10625471000119108","Bronchopneumonia due to Proteus mirabilis","Disorder","Condition","SNOMED"
"4","Respiratory disease","46269720","10625511000119104","Bronchopneumonia due to Pseudomonas","Disorder","Condition","SNOMED"
"4","Respiratory disease","46269721","10625551000119103","Bronchopneumonia due to respiratory syncytial virus","Disorder","Condition","SNOMED"
"4","Respiratory disease","46269722","10625591000119108","Bronchopneumonia due to Staphylococcus","Disorder","Condition","SNOMED"
"4","Respiratory disease","46269723","10625631000119108","Bronchopneumonia due to Staphylococcus aureus","Disorder","Condition","SNOMED"
"4","Respiratory disease","46269724","10625671000119106","Bronchopneumonia due to Streptococcus","Disorder","Condition","SNOMED"
"4","Respiratory disease","46269725","10625711000119105","Bronchopneumonia due to Streptococcus pneumoniae","Disorder","Condition","SNOMED"
"4","Respiratory disease","46269726","10625751000119106","Bronchopneumonia due to virus","Disorder","Condition","SNOMED"
"4","Respiratory disease","4259490","410431009","Cardiorespiratory failure","Disorder","Condition","SNOMED"
"4","Respiratory disease","4093993","24841007","Cardiorespiratory failure during AND/OR resulting from a procedure","Disorder","Condition","SNOMED"
"4","Respiratory disease","4175598","50804000","Catarrhal pneumonia","Disorder","Condition","SNOMED"
"4","Respiratory disease","43020558","471272001","Cavitary pneumonia","Disorder","Condition","SNOMED"
"4","Respiratory disease","4110510","195911009","Chickenpox pneumonia","Disorder","Condition","SNOMED"
"4","Respiratory disease","4119795","233728004","Cholesterol pneumonia","Disorder","Condition","SNOMED"
"4","Respiratory disease","4144107","266404004","Chronic chemical respiratory disease","Disorder","Condition","SNOMED"
"4","Respiratory disease","45757644","28791000119105","Chronic coccidioidomycotic pneumonia","Disorder","Condition","SNOMED"
"4","Respiratory disease","605242","1010670004","Chronic endogenous lipoid pneumonia","Disorder","Condition","SNOMED"
"4","Respiratory disease","45768998","707553005","Chronic exogenous lipoid pneumonia","Disorder","Condition","SNOMED"
"4","Respiratory disease","4140438","426896000","Chronic hypercapnic respiratory failure","Disorder","Condition","SNOMED"
"4","Respiratory disease","4177862","428173007","Chronic hypoxemic respiratory failure","Disorder","Condition","SNOMED"
"4","Respiratory disease","45767051","704345008","Chronic interstitial pneumonia","Disorder","Condition","SNOMED"
"4","Respiratory disease","46269693","102361000119104","Chronic pneumonia","Disorder","Condition","SNOMED"
"4","Respiratory disease","4221767","417688002","Chronic progressive coccidioidal pneumonia","Disorder","Condition","SNOMED"
"4","Respiratory disease","4084973","240742009","Chronic pulmonary African histoplasmosis","Disorder","Condition","SNOMED"
"4","Respiratory disease","4080753","240747003","Chronic pulmonary blastomycosis","Disorder","Condition","SNOMED"
"4","Respiratory disease","314971","39871006","Chronic respiratory failure","Disorder","Condition","SNOMED"
"4","Respiratory disease","37171424","350586651000119105","Chronic respiratory failure due to neuromuscular disease","Disorder","Condition","SNOMED"
"4","Respiratory disease","602595","971918681000119107","Chronic respiratory failure due to obstructive sleep apnea","Disorder","Condition","SNOMED"
"4","Respiratory disease","4179670","427896006","Chronic respiratory insufficiency","Disorder","Condition","SNOMED"
"4","Respiratory disease","4293463","385093006","Community acquired pneumonia","Disorder","Condition","SNOMED"
"4","Respiratory disease","4048518","123588006","Confluent bronchopneumonia with abscess formation","Disorder","Condition","SNOMED"
"4","Respiratory disease","4048519","123591006","Confluent pneumonia","Disorder","Condition","SNOMED"
"4","Respiratory disease","252949","7678002","Cytomegaloviral pneumonia","Disorder","Condition","SNOMED"
"4","Respiratory disease","4177385","42680007","Endogenous lipoid pneumonia","Disorder","Condition","SNOMED"
"4","Respiratory disease","37161095","1176988004","Enterobacter pneumonia","Disorder","Condition","SNOMED"
"4","Respiratory disease","1340380","OMOP5166035","Exacerbation of interstitial pneumonia","Disorder","Condition","OMOP Extension"
"4","Respiratory disease","1340436","OMOP5166091","Exacerbation of pneumonia","Disorder","Condition","OMOP Extension"
"4","Respiratory disease","1340437","OMOP5166092","Exacerbation of pneumonia caused by SARS-CoV-2","Disorder","Condition","OMOP Extension"
"4","Respiratory disease","1340452","OMOP5166107","Exacerbation of pulmonary tuberculosis","Disorder","Condition","OMOP Extension"
"4","Respiratory disease","1340458","OMOP5166113","Exacerbation of respiratory failure","Disorder","Condition","OMOP Extension"
"4","Respiratory disease","45768914","707449006","Exogenous lipoid pneumonia","Disorder","Condition","SNOMED"
"4","Respiratory disease","4046011","123590007","Focal pneumonia","Disorder","Condition","SNOMED"
"4","Respiratory disease","4274981","65141002","Foreign body pneumonia","Disorder","Condition","SNOMED"
"4","Respiratory disease","4049965","233613009","Fungal pneumonia","Disorder","Condition","SNOMED"
"4","Respiratory disease","4322625","7063008","Gangrenous pneumonia","Disorder","Condition","SNOMED"
"4","Respiratory disease","46274030","142961000119108","Gastroenteritis due to H1N1 influenza","Disorder","Condition","SNOMED"
"4","Respiratory disease","46269736","10628871000119101","Gastroenteritis due to influenza","Disorder","Condition","SNOMED"
"4","Respiratory disease","46269737","10628911000119103","Gastroenteritis due to Influenza A virus","Disorder","Condition","SNOMED"
"4","Respiratory disease","4051339","233625007","Giant cell pneumonia","Disorder","Condition","SNOMED"
"4","Respiratory disease","45757250","1087061000119106","Gonococcal pneumonia","Disorder","Condition","SNOMED"
"4","Respiratory disease","4248029","72656004","Granulomatous pneumonia","Disorder","Condition","SNOMED"
"4","Respiratory disease","252655","195886008","Group B streptococcal pneumonia","Disorder","Condition","SNOMED"
"4","Respiratory disease","788476","10077909","H2N2 influenza","PT","Condition","MedDRA"
"4","Respiratory disease","260754","70036007","Haemophilus influenzae pneumonia","Disorder","Condition","SNOMED"
"4","Respiratory disease","4248807","408680002","Healthcare associated bacterial pneumonia","Disorder","Condition","SNOMED"
"4","Respiratory disease","4248810","408687004","Healthcare associated influenza disease","Disorder","Condition","SNOMED"
"4","Respiratory disease","4111119","181007","Hemorrhagic bronchopneumonia","Disorder","Condition","SNOMED"
"4","Respiratory disease","4051335","233617005","Hemorrhagic pneumonia","Disorder","Condition","SNOMED"
"4","Respiratory disease","45765437","702373006","Hereditary myopathy with early respiratory failure","Disorder","Condition","SNOMED"
"4","Respiratory disease","4051338","233624006","Herpes simplex pneumonia","Disorder","Condition","SNOMED"
"4","Respiratory disease","4143092","425464007","Hospital acquired pneumonia","Disorder","Condition","SNOMED"
"4","Respiratory disease","46271074","709109004","Hypercapnic respiratory failure","Disorder","Condition","SNOMED"
"4","Respiratory disease","4135197","31561003","Hypostatic bronchopneumonia","Disorder","Condition","SNOMED"
"4","Respiratory disease","4310964","85469005","Hypostatic pneumonia","Disorder","Condition","SNOMED"
"4","Respiratory disease","37395564","10676831000119101","Hypoxemic respiratory failure","Disorder","Condition","SNOMED"
"4","Respiratory disease","37110291","724499007","Idiopathic acute eosinophilic pneumonia","Disorder","Condition","SNOMED"
"4","Respiratory disease","37110292","724500003","Idiopathic chronic eosinophilic pneumonia","Disorder","Condition","SNOMED"
"4","Respiratory disease","45769390","708031000","Idiopathic eosinophilic pneumonia","Disorder","Condition","SNOMED"
"4","Respiratory disease","4176753","428697002","Inactive tuberculosis of lung","Disorder","Condition","SNOMED"
"4","Respiratory disease","37172704","541131000124102","Infection caused by novel Influenza A virus variant","Disorder","Condition","SNOMED"
"4","Respiratory disease","443410","312342009","Infective pneumonia","Disorder","Condition","SNOMED"
"4","Respiratory disease","260936","186175002","Infiltrative lung tuberculosis","Disorder","Condition","SNOMED"
"4","Respiratory disease","4266367","6142004","Influenza","Disorder","Condition","SNOMED"
"4","Respiratory disease","607085","1149091008","Influenza caused by Influenza A virus subtype H2","Disorder","Condition","SNOMED"
"4","Respiratory disease","36676221","772810003","Influenza caused by Influenza A virus subtype H3N2","Disorder","Condition","SNOMED"
"4","Respiratory disease","37016926","713083002","Influenza caused by Influenza A virus subtype H5","Disorder","Condition","SNOMED"
"4","Respiratory disease","36676233","772828001","Influenza caused by Influenza A virus subtype H5N1","Disorder","Condition","SNOMED"
"4","Respiratory disease","36714570","719865001","Influenza caused by pandemic influenza virus","Disorder","Condition","SNOMED"
"4","Respiratory disease","36714388","719590007","Influenza caused by seasonal influenza virus","Disorder","Condition","SNOMED"
"4","Respiratory disease","40483537","442438000","Influenza due to Influenza A virus","Disorder","Condition","SNOMED"
"4","Respiratory disease","40484544","442696006","Influenza due to Influenza A virus subtype H1N1","Disorder","Condition","SNOMED"
"4","Respiratory disease","42872723","450715004","Influenza due to Influenza A virus subtype H7","Disorder","Condition","SNOMED"
"4","Respiratory disease","45768913","707448003","Influenza due to Influenza A virus subtype H7N9","Disorder","Condition","SNOMED"
"4","Respiratory disease","42872724","450716003","Influenza due to Influenza A virus subtype H9","Disorder","Condition","SNOMED"
"4","Respiratory disease","765607","435051000124104","Influenza due to Influenza A virus with upper respiratory signs","Disorder","Condition","SNOMED"
"4","Respiratory disease","4080680","24662006","Influenza due to Influenza B virus","Disorder","Condition","SNOMED"
"4","Respiratory disease","4304374","81524006","Influenza due to Influenza C virus","Disorder","Condition","SNOMED"
"4","Respiratory disease","37394477","1033071000000105","Influenza due to pandemic influenza virus","Disorder","Condition","SNOMED"
"4","Respiratory disease","37394478","1033091000000109","Influenza due to seasonal influenza virus","Disorder","Condition","SNOMED"
"4","Respiratory disease","37394476","1033051000000101","Influenza due to zoonotic influenza virus","Disorder","Condition","SNOMED"
"4","Respiratory disease","4183609","43692000","Influenzal acute upper respiratory infection","Disorder","Condition","SNOMED"
"4","Respiratory disease","4186568","41269000","Influenzal bronchopneumonia","Disorder","Condition","SNOMED"
"4","Respiratory disease","4252885","74644004","Influenza with encephalopathy","Disorder","Condition","SNOMED"
"4","Respiratory disease","4112824","195929004","Influenza with gastrointestinal tract involvement","Disorder","Condition","SNOMED"
"4","Respiratory disease","4112664","195923003","Influenza with laryngitis","Disorder","Condition","SNOMED"
"4","Respiratory disease","320752","61700007","Influenza with non-respiratory manifestation","Disorder","Condition","SNOMED"
"4","Respiratory disease","4110512","195924009","Influenza with pharyngitis","Disorder","Condition","SNOMED"
"4","Respiratory disease","37394479","1033111000000104","Influenza with pneumonia due to seasonal influenza virus","Disorder","Condition","SNOMED"
"4","Respiratory disease","4313254","217810002","Interruption of respiration caused by foreign body in esophagus","Disorder","Condition","SNOMED"
"4","Respiratory disease","3655486","865908007","Interruption of respiration due to food lodged in esophagus","Disorder","Condition","SNOMED"
"4","Respiratory disease","4273378","64667001","Interstitial pneumonia","Disorder","Condition","SNOMED"
"4","Respiratory disease","3655969","870573008","Interstitial pneumonia with autoimmune features","Disorder","Condition","SNOMED"
"4","Respiratory disease","4198045","80010008","Isolated bronchial tuberculosis","Disorder","Condition","SNOMED"
"4","Respiratory disease","765178","129211000119108","Isoniazid resistant tuberculosis of lung","Disorder","Condition","SNOMED"
"4","Respiratory disease","4116488","301000005","Left lower zone pneumonia","Disorder","Condition","SNOMED"
"4","Respiratory disease","4114030","301002002","Left upper zone pneumonia","Disorder","Condition","SNOMED"
"4","Respiratory disease","4080435","240635003","Leishmanial pneumonia","Disorder","Condition","SNOMED"
"4","Respiratory disease","4145369","426696003","Lingular pneumonia","Disorder","Condition","SNOMED"
"4","Respiratory disease","37169758","170059221000119102","Lipoid pneumonia due to vaping","Disorder","Condition","SNOMED"
"4","Respiratory disease","4133224","278516003","Lobar pneumonia","Disorder","Condition","SNOMED"
"4","Respiratory disease","4124539","233730002","Lupus pneumonia","Disorder","Condition","SNOMED"
"4","Respiratory disease","4052546","233608005","Meningococcal pneumonia","Disorder","Condition","SNOMED"
"4","Respiratory disease","4052548","233623000","Mononuclear interstitial pneumonia","Disorder","Condition","SNOMED"
"4","Respiratory disease","4051336","233618000","Mycobacterial pneumonia","Disorder","Condition","SNOMED"
"4","Respiratory disease","440431","46970008","Mycoplasma pneumonia","Disorder","Condition","SNOMED"
"4","Respiratory disease","4048052","123589003","Necrotizing bronchopneumonia","Disorder","Condition","SNOMED"
"4","Respiratory disease","35622404","763888005","Necrotizing pneumonia caused by Panton-Valentine leukocidin producing Staphylococcus aureus","Disorder","Condition","SNOMED"
"4","Respiratory disease","4080883","276695003","Neonatal aspiration pneumonia","Disorder","Condition","SNOMED"
"4","Respiratory disease","37177703","10087867","Neonatal bacterial pneumonia","PT","Condition","MedDRA"
"4","Respiratory disease","4051333","233610007","Neonatal chlamydial pneumonia","Disorder","Condition","SNOMED"
"4","Respiratory disease","4051337","233619008","Neonatal pneumonia","Disorder","Condition","SNOMED"
"4","Respiratory disease","4110509","195909000","Nocardial pneumonia","Disorder","Condition","SNOMED"
"4","Respiratory disease","255175","80602006","Nodular tuberculosis of lung","Disorder","Condition","SNOMED"
"4","Respiratory disease","4021760","105977003","Non-infectious pneumonia","Disorder","Condition","SNOMED"
"4","Respiratory disease","4174281","277869007","Non-tuberculous mycobacterial pneumonia","Disorder","Condition","SNOMED"
"4","Respiratory disease","4284985","68409003","Organized pneumonia","Disorder","Condition","SNOMED"
"4","Respiratory disease","46269705","10624911000119107","Otitis media due to H1N1 influenza","Disorder","Condition","SNOMED"
"4","Respiratory disease","46269706","10624951000119108","Otitis media due to influenza","Disorder","Condition","SNOMED"
"4","Respiratory disease","46269769","10674911000119108","Otitis media due to Influenza A virus","Disorder","Condition","SNOMED"
"4","Respiratory disease","4274802","64880000","Parainfluenza virus bronchopneumonia","Disorder","Condition","SNOMED"
"4","Respiratory disease","439857","64917006","Parainfluenza virus pneumonia","Disorder","Condition","SNOMED"
"4","Respiratory disease","4205578","55679008","Peribronchial pneumonia","Disorder","Condition","SNOMED"
"4","Respiratory disease","4245499","60485005","Pleurobronchopneumonia","Disorder","Condition","SNOMED"
"4","Respiratory disease","4141619","266350000","Pneumococcal lobar pneumonia","Disorder","Condition","SNOMED"
"4","Respiratory disease","258785","233607000","Pneumococcal pneumonia","Disorder","Condition","SNOMED"
"4","Respiratory disease","4221503","420787001","Pneumococcal pneumonia with AIDS (acquired immunodeficiency syndrome)","Disorder","Condition","SNOMED"
"4","Respiratory disease","4190647","415125002","Pneumocystosis pneumonia","Disorder","Condition","SNOMED"
"4","Respiratory disease","255848","233604007","Pneumonia","Disorder","Condition","SNOMED"
"4","Respiratory disease","256723","195878008","Pneumonia and influenza","Disorder","Condition","SNOMED"
"4","Respiratory disease","605209","1010634002","Pneumonia caused by Acinetobacter","Disorder","Condition","SNOMED"
"4","Respiratory disease","254066","233609002","Pneumonia caused by Chlamydiaceae","Disorder","Condition","SNOMED"
"4","Respiratory disease","37119233","724498004","Pneumonia caused by Chlamydia pneumoniae","Disorder","Condition","SNOMED"
"4","Respiratory disease","759817","10291000175108","Pneumonia caused by Enterococcus","Disorder","Condition","SNOMED"
"4","Respiratory disease","759816","10281000175105","Pneumonia caused by Enterococcus faecalis","Disorder","Condition","SNOMED"
"4","Respiratory disease","759815","10271000175107","Pneumonia caused by Enterococcus faecium","Disorder","Condition","SNOMED"
"4","Respiratory disease","37116366","733051000","Pneumonia caused by Gram positive bacteria","Disorder","Condition","SNOMED"
"4","Respiratory disease","37016927","713084008","Pneumonia caused by Human coronavirus","Disorder","Condition","SNOMED"
"4","Respiratory disease","36676238","772839003","Pneumonia caused by Influenza A virus","Disorder","Condition","SNOMED"
"4","Respiratory disease","37163210","1208602000","Pneumonia caused by Pseudomonas aeruginosa","Disorder","Condition","SNOMED"
"4","Respiratory disease","3661408","882784691000119100","Pneumonia caused by SARS-CoV-2","Disorder","Condition","SNOMED"
"4","Respiratory disease","759818","10301000175109","Pneumonia caused by Serratia","Disorder","Condition","SNOMED"
"4","Respiratory disease","607087","1149093006","Pneumonia caused by vancomycin resistant Enterococcus","Disorder","Condition","SNOMED"
"4","Respiratory disease","4256236","409665004","Pneumonia due to aerobic bacteria","Disorder","Condition","SNOMED"
"4","Respiratory disease","257908","409664000","Pneumonia due to anaerobic bacteria","Disorder","Condition","SNOMED"
"4","Respiratory disease","45757206","1082721000119101","Pneumonia due to Ascaris","Disorder","Condition","SNOMED"
"4","Respiratory disease","260430","51530003","Pneumonia due to Escherichia coli","Disorder","Condition","SNOMED"
"4","Respiratory disease","258180","430395005","Pneumonia due to Gram negative bacteria","Disorder","Condition","SNOMED"
"4","Respiratory disease","46270121","142931000119100","Pneumonia due to H1N1 influenza","Disorder","Condition","SNOMED"
"4","Respiratory disease","40481839","442094008","Pneumonia due to Histoplasma","Disorder","Condition","SNOMED"
"4","Respiratory disease","4299862","38699009","Pneumonia due to Histoplasma capsulatum","Disorder","Condition","SNOMED"
"4","Respiratory disease","40482061","445096001","Pneumonia due to Human metapneumovirus","Disorder","Condition","SNOMED"
"4","Respiratory disease","40481335","441942006","Pneumonia due to infection by Streptococcus pyogenes","Disorder","Condition","SNOMED"
"4","Respiratory disease","46270318","16311000119108","Pneumonia due to influenza","Disorder","Condition","SNOMED"
"4","Respiratory disease","253790","64479007","Pneumonia due to Klebsiella pneumoniae","Disorder","Condition","SNOMED"
"4","Respiratory disease","4110039","195900001","Pneumonia due to measles","Disorder","Condition","SNOMED"
"4","Respiratory disease","46270027","124691000119101","Pneumonia due to methicillin resistant Staphylococcus aureus","Disorder","Condition","SNOMED"
"4","Respiratory disease","46274035","128711000119106","Pneumonia due to methicillin susceptible Staphylococcus aureus","Disorder","Condition","SNOMED"
"4","Respiratory disease","4050872","233620002","Pneumonia due to parasitic infestation","Disorder","Condition","SNOMED"
"4","Respiratory disease","4110506","195896004","Pneumonia due to pleuropneumonia-like organism","Disorder","Condition","SNOMED"
"4","Respiratory disease","4193964","39172002","Pneumonia due to Proteus mirabilis","Disorder","Condition","SNOMED"
"4","Respiratory disease","252351","41381004","Pneumonia due to Pseudomonas","Disorder","Condition","SNOMED"
"4","Respiratory disease","436145","195881003","Pneumonia due to respiratory syncytial virus","Disorder","Condition","SNOMED"
"4","Respiratory disease","45768961","707508008","Pneumonia due to Schistosoma haematobium","Disorder","Condition","SNOMED"
"4","Respiratory disease","45768960","707507003","Pneumonia due to Schistosoma japonicum","Disorder","Condition","SNOMED"
"4","Respiratory disease","45771022","707503004","Pneumonia due to Schistosoma mansoni","Disorder","Condition","SNOMED"
"4","Respiratory disease","40479642","441590008","Pneumonia due to Severe acute respiratory syndrome coronavirus","Disorder","Condition","SNOMED"
"4","Respiratory disease","40480033","441658007","Pneumonia due to Staphylococcus aureus","Disorder","Condition","SNOMED"
"4","Respiratory disease","261324","34020007","Pneumonia due to Streptococcus","Disorder","Condition","SNOMED"
"4","Respiratory disease","261053","111900000","Pneumonia in aspergillosis","Disorder","Condition","SNOMED"
"4","Respiratory disease","4137435","32286006","Pneumonia in Q fever","Disorder","Condition","SNOMED"
"4","Respiratory disease","259048","84753008","Pneumonia in systemic mycosis","Disorder","Condition","SNOMED"
"4","Respiratory disease","4166072","45312009","Pneumonia in typhoid fever","Disorder","Condition","SNOMED"
"4","Respiratory disease","4228277","421671002","Pneumonia with AIDS (acquired immunodeficiency syndrome)","Disorder","Condition","SNOMED"
"4","Respiratory disease","4110507","195904005","Pneumonia with coccidioidomycosis","Disorder","Condition","SNOMED"
"4","Respiratory disease","260028","191727003","Post measles pneumonia","Disorder","Condition","SNOMED"
"4","Respiratory disease","4153356","371072008","Postobstructive pneumonia","Disorder","Condition","SNOMED"
"4","Respiratory disease","4203846","438764004","Postoperative aspiration pneumonia","Disorder","Condition","SNOMED"
"4","Respiratory disease","4200891","314978007","Postoperative pneumonia","Disorder","Condition","SNOMED"
"4","Respiratory disease","4112655","195888009","Proteus pneumonia","Disorder","Condition","SNOMED"
"4","Respiratory disease","4138244","32204007","Pulmonary actinobacillosis","Disorder","Condition","SNOMED"
"4","Respiratory disease","258354","187052004","Pulmonary African histoplasmosis","Disorder","Condition","SNOMED"
"4","Respiratory disease","4345699","240387006","Pulmonary glanders","Disorder","Condition","SNOMED"
"4","Respiratory disease","4025173","196151000","Pulmonary insufficiency following shock","Disorder","Condition","SNOMED"
"4","Respiratory disease","4024117","196152007","Pulmonary insufficiency following surgery","Disorder","Condition","SNOMED"
"4","Respiratory disease","4024118","196153002","Pulmonary insufficiency following trauma","Disorder","Condition","SNOMED"
"4","Respiratory disease","4345215","240391001","Pulmonary melioidosis","Disorder","Condition","SNOMED"
"4","Respiratory disease","4051334","233614003","Pulmonary mucormycosis","Disorder","Condition","SNOMED"
"4","Respiratory disease","253954","154283005","Pulmonary tuberculosis","Disorder","Condition","SNOMED"
"4","Respiratory disease","258061","45556008","Pulmonary tularemia","Disorder","Condition","SNOMED"
"4","Respiratory disease","4334649","430969000","Recurrent aspiration pneumonia","Disorder","Condition","SNOMED"
"4","Respiratory disease","37017277","713525001","Recurrent bacterial pneumonia","Disorder","Condition","SNOMED"
"4","Respiratory disease","37017278","713526000","Recurrent bacterial pneumonia co-occurrent with human immunodeficiency virus infection","Disorder","Condition","SNOMED"
"4","Respiratory disease","44782989","699014000","Recurrent pneumonia","Disorder","Condition","SNOMED"
"4","Respiratory disease","40490351","446946005","Reinfection pulmonary tuberculosis","Disorder","Condition","SNOMED"
"4","Respiratory disease","40490814","447006007","Relapse pulmonary tuberculosis","Disorder","Condition","SNOMED"
"4","Respiratory disease","4256228","409622000","Respiratory failure","Disorder","Condition","SNOMED"
"4","Respiratory disease","765304","16055271000119107","Respiratory failure following trauma","Disorder","Condition","SNOMED"
"4","Respiratory disease","4119934","233765002","Respiratory failure without hypercapnia","Disorder","Condition","SNOMED"
"4","Respiratory disease","318459","409623005","Respiratory insufficiency","Disorder","Condition","SNOMED"
"4","Respiratory disease","261774","186202007","Respiratory tuberculosis, not confirmed bacteriologically or histologically","Disorder","Condition","SNOMED"
"4","Respiratory disease","437313","7548000","Rheumatic pneumonia","Disorder","Condition","SNOMED"
"4","Respiratory disease","4050874","233621003","Rickettsial pneumonia","Disorder","Condition","SNOMED"
"4","Respiratory disease","4117114","301001009","Right lower zone pneumonia","Disorder","Condition","SNOMED"
"4","Respiratory disease","4102253","301003007","Right middle zone pneumonia","Disorder","Condition","SNOMED"
"4","Respiratory disease","4114031","301004001","Right upper zone pneumonia","Disorder","Condition","SNOMED"
"4","Respiratory disease","45770900","1092361000119109","Rubella pneumonia","Disorder","Condition","SNOMED"
"4","Respiratory disease","4204819","308906005","Secondary bacterial pneumonia","Disorder","Condition","SNOMED"
"4","Respiratory disease","4044242","230499002","Sleep-related respiratory failure","Disorder","Condition","SNOMED"
"4","Respiratory disease","36674871","770727008","Spinal muscular atrophy with respiratory distress type 2","Disorder","Condition","SNOMED"
"4","Respiratory disease","259852","22754005","Staphylococcal pneumonia","Disorder","Condition","SNOMED"
"4","Respiratory disease","4276663","64703005","Terminal bronchopneumonia","Disorder","Condition","SNOMED"
"4","Respiratory disease","4119436","233731003","Traumatic pneumonia","Disorder","Condition","SNOMED"
"4","Respiratory disease","256896","186178000","Tuberculosis of bronchus","Disorder","Condition","SNOMED"
"4","Respiratory disease","4251772","74387008","Tuberculosis of hilar lymph nodes","Disorder","Condition","SNOMED"
"4","Respiratory disease","260630","186204008","Tuberculosis of lung, bacteriological and histological examination not done","Disorder","Condition","SNOMED"
"4","Respiratory disease","4091167","186203002","Tuberculosis of lung, bacteriologically and histologically negative","Disorder","Condition","SNOMED"
"4","Respiratory disease","253121","186194007","Tuberculosis of lung, confirmed by culture only","Disorder","Condition","SNOMED"
"4","Respiratory disease","255454","186193001","Tuberculosis of lung, confirmed by sputum microscopy with or without culture","Disorder","Condition","SNOMED"
"4","Respiratory disease","256018","186195008","Tuberculosis of lung, confirmed histologically","Disorder","Condition","SNOMED"
"4","Respiratory disease","260315","186177005","Tuberculosis of lung with cavitation","Disorder","Condition","SNOMED"
"4","Respiratory disease","4304867","81554001","Tuberculosis of lung with involvement of bronchus","Disorder","Condition","SNOMED"
"4","Respiratory disease","257775","23022004","Tuberculous bronchiectasis","Disorder","Condition","SNOMED"
"4","Respiratory disease","258335","90117007","Tuberculous fibrosis of lung","Disorder","Condition","SNOMED"
"4","Respiratory disease","254266","80003002","Tuberculous pneumonia","Disorder","Condition","SNOMED"
"4","Respiratory disease","252235","29731002","Tuberculous pneumothorax","Disorder","Condition","SNOMED"
"4","Respiratory disease","4280213","66429007","Unresolved lobar pneumonia","Disorder","Condition","SNOMED"
"4","Respiratory disease","4212120","57702005","Unresolved pneumonia","Disorder","Condition","SNOMED"
"4","Respiratory disease","46270122","142941000119109","Upper respiratory tract infection due to H1N1 influenza","Disorder","Condition","SNOMED"
"4","Respiratory disease","46273463","10685111000119102","Upper respiratory tract infection due to Influenza","Disorder","Condition","SNOMED"
"4","Respiratory disease","46270491","328531000119104","Upper respiratory tract infection due to Influenza A","Disorder","Condition","SNOMED"
"4","Respiratory disease","261326","75570004","Viral pneumonia","Disorder","Condition","SNOMED"
"4","Respiratory disease","37162295","1187256004","Viral pneumonia due to Epstein-Barr virus infectious mononucleosis","Disorder","Condition","SNOMED"
"4","Respiratory disease","4225318","421508002","Viral pneumonia with AIDS (acquired immunodeficiency syndrome)","Disorder","Condition","SNOMED"
